Actor 1,Actor 2,Movie
Tom Hanks,Gary Sinise,Forest Gump
Tom Hanks,Robin Wright,Forest Gump
Gary Sinise,Robin Wright,Forest Gump
Tom Hanks,Gary Sinise,Apollo 13
Tom Hanks,Bill Paxton,Apollo 13
Tom Hanks,Kevin Bacon,Apollo 13
Tom Hanks,Ed Harris,Apollo 13
Gary Sinise,Bill Paxton,Apollo 13
Gary Sinise,Kevin Bacon,Apollo 13
Gary Sinise,Ed Harris,Apollo 13
Bill Paxton,Kevin Bacon,Apollo 13
Bill Paxton,Ed Harris,Apollo 13
Kevin Bacon,Ed Harris,Apollo 13
Ed Harris,Sean Connery,The Rock
Ed Harris,Nicolas Cage,The Rock
Sean Connery,Nicolas Cage,The Rock